source_id,name,enabled,tier,type,niger_only,roles,evidence_role,strategy,attempted,succeeded,discovered,published,quarantined,duplicates
niger_actuniger,ActuNiger,True,tier_2,local_media,True,NATIONAL_NEWS|SECURITY_DEFENCE,CONTEXT_ANALYSIS,NORMAL,1,,0,0,0,0
niger_anp,ANP(尼日尔官方通讯社),True,tier_3,other,True,NATIONAL_NEWS|OFFICIAL,PRIMARY_EVIDENCE,P0_ALWAYS_ON,1,1,24,0,7,2
niger_studiokalangou,Studio Kalangou,True,tier_2,local_media,True,NATIONAL_NEWS|SECURITY_DEFENCE,CONTEXT_ANALYSIS,P0_ALWAYS_ON,1,1,15,0,1,12
niger_lesahel,Le Sahel,True,tier_1,state_media,True,GLOBAL_TIER_1|NATIONAL_NEWS|OFFICIAL,PRIMARY_EVIDENCE,NORMAL,1,,0,0,0,0
niger_airinfo,Aïr Info,True,tier_2,local_media,True,LOCAL_EARLY_WARNING|NATIONAL_NEWS,EARLY_SIGNAL,P0_ALWAYS_ON,1,1,10,0,0,0
niger_nigerinter,Niger Inter,True,tier_2,local_media,True,NATIONAL_NEWS|SECURITY_DEFENCE,CONTEXT_ANALYSIS,P0_ALWAYS_ON,1,1,30,0,0,13
niger_tamtaminfo,Tamtaminfo,True,tier_2,local_media,True,NATIONAL_NEWS,CONTEXT_ANALYSIS,P0_ALWAYS_ON,1,1,10,0,0,1
niger_nigerdiaspora,Niger Diaspora,True,tier_2,local_media,True,NATIONAL_NEWS,CONTEXT_ANALYSIS,NORMAL,1,,0,0,0,0
niger_nigerinfos,Niger Infos,True,tier_2,local_media,True,NATIONAL_NEWS,CONTEXT_ANALYSIS,NORMAL,1,,0,0,0,0
niger_journalduniger,Journal du Niger,True,tier_2,local_media,True,NATIONAL_NEWS,CONTEXT_ANALYSIS,P0_ALWAYS_ON,1,1,30,0,0,5
intl_reuters_niger,Reuters（尼日尔）,True,tier_1,international_media,True,GLOBAL_TIER_1,CORROBORATION,NORMAL,1,,0,0,0,0
intl_xinhua_niger,新华社/新华网（尼日尔）,True,tier_1,state_media,True,GLOBAL_TIER_1|OFFICIAL,PRIMARY_EVIDENCE,NORMAL,1,,0,0,0,0
intl_ap_niger,Associated Press（尼日尔）,True,tier_3,other,True,UNCLASSIFIED,CONTEXT_ANALYSIS,NORMAL,1,,0,0,0,0
intl_afp_niger,AFP（尼日尔）,True,tier_3,other,True,UNCLASSIFIED,CONTEXT_ANALYSIS,NORMAL,1,,0,0,0,0
intl_bbc_niger,BBC Afrique（尼日尔）,True,tier_3,other,True,UNCLASSIFIED,CONTEXT_ANALYSIS,NORMAL,1,,0,0,0,0
intl_rfi_niger,RFI Afrique（尼日尔）,True,tier_3,other,True,UNCLASSIFIED,CONTEXT_ANALYSIS,NORMAL,1,,0,0,0,0
intl_france24_niger,France 24 Afrique（尼日尔）,True,tier_3,other,True,UNCLASSIFIED,CONTEXT_ANALYSIS,NORMAL,1,,0,0,0,0
intl_voa_niger,VOA Afrique（尼日尔）,True,tier_3,other,True,UNCLASSIFIED,CONTEXT_ANALYSIS,NORMAL,1,,0,0,0,0
intl_dw_niger,DW Afrique（尼日尔）,True,tier_3,other,True,UNCLASSIFIED,CONTEXT_ANALYSIS,NORMAL,1,,0,0,0,0
intl_aljazeera_niger,Al Jazeera（尼日尔）,True,tier_3,other,True,UNCLASSIFIED,CONTEXT_ANALYSIS,NORMAL,1,1,20,0,2,18
intl_africanews_niger,Africanews（尼日尔）,True,tier_3,other,True,UNCLASSIFIED,CONTEXT_ANALYSIS,NORMAL,1,,0,0,0,0
intl_allafrica_niger,AllAfrica（尼日尔）,True,tier_3,other,True,UNCLASSIFIED,CONTEXT_ANALYSIS,NORMAL,1,,0,0,0,0
intl_guardian_niger,The Guardian Africa（尼日尔）,True,tier_3,other,True,UNCLASSIFIED,CONTEXT_ANALYSIS,NORMAL,1,,0,0,0,0
intl_humanitarian_niger,The New Humanitarian（尼日尔）,True,tier_3,other,True,UNCLASSIFIED,CONTEXT_ANALYSIS,NORMAL,1,,0,0,0,0
intl_jeuneafrique_niger,Jeune Afrique（尼日尔）,True,tier_3,other,True,UNCLASSIFIED,CONTEXT_ANALYSIS,NORMAL,1,,0,0,0,0
intl_apa_niger,APA News（尼日尔）,True,tier_3,other,True,UNCLASSIFIED,CONTEXT_ANALYSIS,NORMAL,1,,0,0,0,0
un_reliefweb_niger,ReliefWeb（尼日尔）,True,tier_2,aggregation_platform,True,HUMANITARIAN,PRIMARY_EVIDENCE,NORMAL,1,,0,0,0,0
un_unhcr_niger,UNHCR（尼日尔）,True,tier_3,other,True,HUMANITARIAN,PRIMARY_EVIDENCE,NORMAL,1,,0,0,0,0
un_iom_niger,IOM/DTM（尼日尔）,True,tier_3,other,True,HUMANITARIAN,PRIMARY_EVIDENCE,NORMAL,1,,0,0,0,0
un_wfp_niger,WFP（尼日尔）,True,tier_3,other,True,HUMANITARIAN,PRIMARY_EVIDENCE,NORMAL,1,,0,0,0,0
un_unicef_niger,UNICEF（尼日尔）,True,tier_3,other,True,HUMANITARIAN,PRIMARY_EVIDENCE,NORMAL,1,,0,0,0,0
un_icrc_niger,ICRC（尼日尔）,True,tier_3,other,True,HUMANITARIAN,PRIMARY_EVIDENCE,NORMAL,1,,0,0,0,0
un_msf_niger,MSF（尼日尔）,True,tier_3,other,True,HEALTH|HUMANITARIAN,PRIMARY_EVIDENCE,NORMAL,1,,0,0,0,0
un_fewsnet_niger,FEWS NET（尼日尔）,True,tier_3,other,True,HUMANITARIAN,PRIMARY_EVIDENCE,NORMAL,1,,0,0,0,0
un_unnews_niger,UN News（尼日尔）,True,tier_3,other,True,HUMANITARIAN,PRIMARY_EVIDENCE,NORMAL,1,,0,0,0,0
un_au_niger,African Union（尼日尔）,True,tier_3,other,True,HUMANITARIAN,PRIMARY_EVIDENCE,NORMAL,1,,0,0,0,0
un_crisisgroup_niger,International Crisis Group（尼日尔）,True,tier_3,other,True,HUMANITARIAN|RESEARCH_ANALYSIS,PRIMARY_EVIDENCE,NORMAL,1,,0,0,0,0
un_iss_niger,ISS Africa（尼日尔）,True,tier_3,other,True,HUMANITARIAN|RESEARCH_ANALYSIS,PRIMARY_EVIDENCE,NORMAL,1,,0,0,0,0
un_acled_niger,ACLED（尼日尔）,False,tier_3,other,True,HUMANITARIAN,PRIMARY_EVIDENCE,PENDING_CREDENTIAL,,,,,,
cn_mfa_niger,中国外交部（尼日尔）,True,tier_3,other,True,UNCLASSIFIED,CONTEXT_ANALYSIS,NORMAL,1,,0,0,0,0
cn_emb_chad_niger,中国驻乍得使馆（尼日尔）,True,tier_3,other,True,UNCLASSIFIED,CONTEXT_ANALYSIS,NORMAL,1,,0,0,0,0
cn_emb_niger_niger,中国驻尼日尔使馆（尼日尔）,True,tier_3,other,True,UNCLASSIFIED,CONTEXT_ANALYSIS,NORMAL,1,,0,0,0,0
cn_chinanews_niger,中国新闻网（尼日尔）,True,tier_3,other,True,UNCLASSIFIED,CONTEXT_ANALYSIS,NORMAL,1,,0,0,0,0
cn_cctv_niger,央视新闻（尼日尔）,True,tier_3,other,True,UNCLASSIFIED,CONTEXT_ANALYSIS,NORMAL,1,,0,0,0,0
cn_cgtn_niger,CGTN Africa（尼日尔）,True,tier_3,other,True,UNCLASSIFIED,CONTEXT_ANALYSIS,NORMAL,1,,0,0,0,0
cn_people_niger,人民网（尼日尔）,True,tier_3,other,True,UNCLASSIFIED,CONTEXT_ANALYSIS,NORMAL,1,,0,0,0,0
cn_chinadaily_niger,中国日报（尼日尔）,True,tier_3,other,True,UNCLASSIFIED,CONTEXT_ANALYSIS,NORMAL,1,,0,0,0,0
niger_sahelien,Sahelien,True,tier_2,regional_media,True,NATIONAL_NEWS|SAHEL_REGIONAL,CONTEXT_ANALYSIS,P0_ALWAYS_ON,1,1,10,0,0,0
intl_rfi_afrique_niger,RFI Afrique (Niger),True,tier_1,international,True,GLOBAL_TIER_1,CORROBORATION,NORMAL,1,1,20,0,0,2
intl_bbc_afrique_niger,BBC Afrique (Niger),True,tier_1,international,True,GLOBAL_TIER_1,CORROBORATION,NORMAL,1,1,20,0,0,14
intl_france24_afrique_niger,France24 Afrique (Niger),True,tier_1,international,True,GLOBAL_TIER_1,CORROBORATION,NORMAL,1,1,20,0,0,15
niger_ouestaf,Ouestaf,True,tier_2,regional_media,True,NATIONAL_NEWS|SAHEL_REGIONAL,CONTEXT_ANALYSIS,NORMAL,1,1,10,0,0,0
niger_africanews,AfricaNews (Niger),True,tier_1,international,True,GLOBAL_TIER_1|NATIONAL_NEWS,CORROBORATION,NORMAL,1,1,20,0,2,7
pan_allafrica,AllAfrica,True,tier_2,pan_african_media,False,PAN_AFRICA,CORROBORATION,NORMAL,1,1,20,0,0,20
pan_unnews_africa,UN News (Africa),True,tier_1,official_media,False,GLOBAL_TIER_1|PAN_AFRICA,CORROBORATION,NORMAL,1,1,20,0,0,20
pan_africanews,Africanews,True,tier_2,pan_african_media,False,PAN_AFRICA,CORROBORATION,NORMAL,1,1,20,0,0,7
nga_premiumtimes,Premium Times,True,tier_2,local_media,False,UNCLASSIFIED,CONTEXT_ANALYSIS,NORMAL,1,1,15,0,0,15
pan_france24_africa,France 24 (Africa),True,tier_1,international_media,False,GLOBAL_TIER_1|PAN_AFRICA,CORROBORATION,NORMAL,1,1,20,0,0,19
gha_myjoyonline,MyJoyOnline,True,tier_2,local_media,False,UNCLASSIFIED,CONTEXT_ANALYSIS,NORMAL,1,1,20,0,0,4
rwa_newtimes,The New Times,True,tier_2,local_media,False,UNCLASSIFIED,CONTEXT_ANALYSIS,NORMAL,1,1,17,0,0,6
pan_reliefweb,ReliefWeb,True,tier_2,aggregation_platform,False,PAN_AFRICA,CORROBORATION,NORMAL,1,,0,0,0,0
pan_bbc_africa,BBC News (Africa),True,tier_1,international_media,False,GLOBAL_TIER_1|PAN_AFRICA,CORROBORATION,NORMAL,1,1,20,0,0,0
pan_aljazeera,Al Jazeera,True,tier_1,international_media,False,GLOBAL_TIER_1|PAN_AFRICA,CORROBORATION,NORMAL,1,1,20,0,0,20
pan_voa_africa,VOA Africa,True,tier_1,international_media,False,GLOBAL_TIER_1|PAN_AFRICA,CORROBORATION,NORMAL,1,,0,0,0,0
pan_voa_afrique,VOA Afrique,True,tier_1,international_media,False,GLOBAL_TIER_1|PAN_AFRICA,CORROBORATION,NORMAL,1,,0,0,0,0
pan_rfi_afrique,RFI Afrique,True,tier_1,international_media,False,GLOBAL_TIER_1|PAN_AFRICA,CORROBORATION,NORMAL,1,1,20,0,0,2
pan_dw_africa,DW Africa,True,tier_1,international_media,False,GLOBAL_TIER_1|PAN_AFRICA,CORROBORATION,NORMAL,1,1,5,0,0,5
specialist_acss,Africa Center for Strategic Studies,True,tier_1,regional_media,False,GLOBAL_TIER_1,CORROBORATION,NORMAL,1,,0,0,0,0
un_who_afro,WHO AFRO（WHO 非洲区域办事处）,True,tier_2,official_media,False,HEALTH|HUMANITARIAN,PRIMARY_EVIDENCE,P0_ALWAYS_ON,,,,,,
