source_id,name,enabled,tier,scope_size,roles,evidence_role,attempted,discovered,fetched,published,quarantined,duplicates,wall_clock_skipped,HTTP_429,RSS_EMPTY,public_items,health_class
chad_tchadinfos,Tchadinfos,True,tier_2,1,LOCAL_EARLY_WARNING,EARLY_SIGNAL,1,13,12,0,3,5,0,0,0,78,NO_RECENT_OUTPUT
chad_alwihda,Alwihda Info,True,tier_2,1,LOCAL_EARLY_WARNING,EARLY_SIGNAL,1,15,15,0,7,2,0,0,0,89,NO_RECENT_OUTPUT
chad_lendjampost,Le N'Djam Post,True,tier_2,1,LOCAL_EARLY_WARNING,EARLY_SIGNAL,1,10,10,0,6,0,0,0,0,22,QUARANTINE_HEAVY
chad_journaldutchad,Journal du Tchad,True,tier_2,1,LOCAL_EARLY_WARNING,EARLY_SIGNAL,1,24,21,0,1,10,0,0,0,17,NO_RECENT_OUTPUT
chad_tchadone,Tchad One,True,tier_3,1,UNCLASSIFIED,CONTEXT_ANALYSIS,1,10,10,0,0,4,0,0,0,7,NO_RECENT_OUTPUT
chad_toumaiweb,Toumaï Web Médias,True,tier_2,1,LOCAL_EARLY_WARNING,EARLY_SIGNAL,1,10,10,0,1,0,0,0,0,5,NO_RECENT_OUTPUT
chad_tachad,Tachad.com,True,tier_2,1,LOCAL_EARLY_WARNING,EARLY_SIGNAL,1,10,10,0,0,1,0,0,0,9,NO_RECENT_OUTPUT
chad_presidence,乍得总统府,True,tier_3,1,OFFICIAL,PRIMARY_EVIDENCE,1,0,0,0,0,0,0,0,0,8,ACCESS_BLOCKED
chad_portail,乍得复兴门户,True,tier_3,1,UNCLASSIFIED,CONTEXT_ANALYSIS,1,10,10,0,2,2,0,0,0,19,NO_RECENT_OUTPUT
niger_actuniger,ActuNiger,True,tier_2,1,LOCAL_EARLY_WARNING,EARLY_SIGNAL,1,0,0,0,0,0,0,0,0,0,BROKEN_OR_STALE
niger_anp,ANP(尼日尔官方通讯社),True,tier_3,1,UNCLASSIFIED,CONTEXT_ANALYSIS,1,24,24,0,7,2,0,0,0,43,NO_RECENT_OUTPUT
niger_studiokalangou,Studio Kalangou,True,tier_2,1,LOCAL_EARLY_WARNING,EARLY_SIGNAL,1,15,4,0,1,12,0,0,0,8,DUPLICATE_HEAVY
niger_lesahel,Le Sahel,True,tier_1,1,GLOBAL_TIER_1|OFFICIAL,PRIMARY_EVIDENCE,1,0,0,0,0,0,0,0,0,8,HEALTHY_LOW_VOLUME
niger_airinfo,Aïr Info,True,tier_2,1,LOCAL_EARLY_WARNING,EARLY_SIGNAL,1,10,10,0,0,0,0,0,0,10,NO_RECENT_OUTPUT
niger_nigerinter,Niger Inter,True,tier_2,1,LOCAL_EARLY_WARNING,EARLY_SIGNAL,1,30,21,0,0,13,0,0,0,7,NO_RECENT_OUTPUT
niger_tamtaminfo,Tamtaminfo,True,tier_2,1,LOCAL_EARLY_WARNING,EARLY_SIGNAL,1,10,10,0,0,1,0,0,0,5,NO_RECENT_OUTPUT
niger_nigerdiaspora,Niger Diaspora,True,tier_2,1,LOCAL_EARLY_WARNING,EARLY_SIGNAL,1,0,0,0,0,0,0,0,0,1,BROKEN_OR_STALE
niger_nigerinfos,Niger Infos,True,tier_2,1,LOCAL_EARLY_WARNING,EARLY_SIGNAL,1,0,0,0,0,0,0,0,0,2,BROKEN_OR_STALE
niger_journalduniger,Journal du Niger,True,tier_2,1,LOCAL_EARLY_WARNING,EARLY_SIGNAL,1,30,28,0,0,5,0,0,0,18,NO_RECENT_OUTPUT
intl_reuters_chad,Reuters（乍得）,True,tier_1,1,GLOBAL_TIER_1,CORROBORATION,1,0,0,0,0,0,0,0,0,0,HEALTHY_LOW_VOLUME
intl_xinhua_chad,新华社/新华网（乍得）,True,tier_1,1,GLOBAL_TIER_1|OFFICIAL,PRIMARY_EVIDENCE,1,0,0,0,0,0,0,0,0,1,HEALTHY_LOW_VOLUME
intl_ap_chad,Associated Press（乍得）,True,tier_3,1,NATIONAL_NEWS,CONTEXT_ANALYSIS,1,0,0,0,0,0,0,0,0,0,BROKEN_OR_STALE
intl_afp_chad,AFP（乍得）,True,tier_3,1,NATIONAL_NEWS,CONTEXT_ANALYSIS,1,0,0,0,0,0,0,0,0,0,BROKEN_OR_STALE
intl_bbc_chad,BBC Afrique（乍得）,True,tier_3,1,NATIONAL_NEWS,CONTEXT_ANALYSIS,1,0,0,0,0,0,0,0,0,0,BROKEN_OR_STALE
intl_rfi_chad,RFI Afrique（乍得）,True,tier_3,1,NATIONAL_NEWS,CONTEXT_ANALYSIS,1,0,0,0,0,0,0,0,0,0,BROKEN_OR_STALE
intl_france24_chad,France 24 Afrique（乍得）,True,tier_3,1,NATIONAL_NEWS,CONTEXT_ANALYSIS,1,0,0,0,0,0,0,0,0,0,BROKEN_OR_STALE
intl_voa_chad,VOA Afrique（乍得）,True,tier_3,1,NATIONAL_NEWS,CONTEXT_ANALYSIS,1,0,0,0,0,0,0,0,0,0,BROKEN_OR_STALE
intl_dw_chad,DW Afrique（乍得）,True,tier_3,1,NATIONAL_NEWS,CONTEXT_ANALYSIS,1,0,0,0,0,0,0,0,0,0,BROKEN_OR_STALE
intl_aljazeera_chad,Al Jazeera（乍得）,True,tier_3,1,NATIONAL_NEWS,CONTEXT_ANALYSIS,1,20,0,0,0,20,0,0,0,1,DUPLICATE_HEAVY
intl_africanews_chad,Africanews（乍得）,True,tier_3,1,NATIONAL_NEWS,CONTEXT_ANALYSIS,1,0,0,0,0,0,0,0,0,0,BROKEN_OR_STALE
intl_allafrica_chad,AllAfrica（乍得）,True,tier_3,1,NATIONAL_NEWS,CONTEXT_ANALYSIS,1,0,0,0,0,0,0,0,0,0,BROKEN_OR_STALE
intl_guardian_chad,The Guardian Africa（乍得）,True,tier_3,1,NATIONAL_NEWS,CONTEXT_ANALYSIS,1,0,0,0,0,0,0,0,0,0,BROKEN_OR_STALE
intl_humanitarian_chad,The New Humanitarian（乍得）,True,tier_3,1,NATIONAL_NEWS,CONTEXT_ANALYSIS,1,0,0,0,0,0,0,0,0,0,BROKEN_OR_STALE
intl_jeuneafrique_chad,Jeune Afrique（乍得）,True,tier_3,1,NATIONAL_NEWS,CONTEXT_ANALYSIS,1,0,0,0,0,0,0,0,0,0,BROKEN_OR_STALE
intl_apa_chad,APA News（乍得）,True,tier_3,1,NATIONAL_NEWS,CONTEXT_ANALYSIS,1,0,0,0,0,0,0,0,0,0,BROKEN_OR_STALE
intl_reuters_niger,Reuters（尼日尔）,True,tier_1,1,GLOBAL_TIER_1,CORROBORATION,1,0,0,0,0,0,0,1,0,0,RATE_LIMITED
intl_xinhua_niger,新华社/新华网（尼日尔）,True,tier_1,1,GLOBAL_TIER_1|OFFICIAL,PRIMARY_EVIDENCE,1,0,0,0,0,0,0,1,0,0,RATE_LIMITED
intl_ap_niger,Associated Press（尼日尔）,True,tier_3,1,NATIONAL_NEWS,CONTEXT_ANALYSIS,1,0,0,0,0,0,0,1,0,0,RATE_LIMITED
intl_afp_niger,AFP（尼日尔）,True,tier_3,1,NATIONAL_NEWS,CONTEXT_ANALYSIS,1,0,0,0,0,0,0,1,0,0,RATE_LIMITED
intl_bbc_niger,BBC Afrique（尼日尔）,True,tier_3,1,NATIONAL_NEWS,CONTEXT_ANALYSIS,1,0,0,0,0,0,0,1,0,0,RATE_LIMITED
intl_rfi_niger,RFI Afrique（尼日尔）,True,tier_3,1,NATIONAL_NEWS,CONTEXT_ANALYSIS,1,0,0,0,0,0,0,1,0,0,RATE_LIMITED
intl_france24_niger,France 24 Afrique（尼日尔）,True,tier_3,1,NATIONAL_NEWS,CONTEXT_ANALYSIS,1,0,0,0,0,0,0,1,0,0,RATE_LIMITED
intl_voa_niger,VOA Afrique（尼日尔）,True,tier_3,1,NATIONAL_NEWS,CONTEXT_ANALYSIS,1,0,0,0,0,0,0,1,0,0,RATE_LIMITED
intl_dw_niger,DW Afrique（尼日尔）,True,tier_3,1,NATIONAL_NEWS,CONTEXT_ANALYSIS,1,0,0,0,0,0,0,1,0,0,RATE_LIMITED
intl_aljazeera_niger,Al Jazeera（尼日尔）,True,tier_3,1,NATIONAL_NEWS,CONTEXT_ANALYSIS,1,20,2,0,2,18,0,0,0,0,DUPLICATE_HEAVY
intl_africanews_niger,Africanews（尼日尔）,True,tier_3,1,NATIONAL_NEWS,CONTEXT_ANALYSIS,1,0,0,0,0,0,0,1,0,0,RATE_LIMITED
intl_allafrica_niger,AllAfrica（尼日尔）,True,tier_3,1,NATIONAL_NEWS,CONTEXT_ANALYSIS,1,0,0,0,0,0,0,1,0,0,RATE_LIMITED
intl_guardian_niger,The Guardian Africa（尼日尔）,True,tier_3,1,NATIONAL_NEWS,CONTEXT_ANALYSIS,1,0,0,0,0,0,0,1,0,0,RATE_LIMITED
intl_humanitarian_niger,The New Humanitarian（尼日尔）,True,tier_3,1,NATIONAL_NEWS,CONTEXT_ANALYSIS,1,0,0,0,0,0,0,1,0,0,RATE_LIMITED
intl_jeuneafrique_niger,Jeune Afrique（尼日尔）,True,tier_3,1,NATIONAL_NEWS,CONTEXT_ANALYSIS,1,0,0,0,0,0,0,1,0,0,RATE_LIMITED
intl_apa_niger,APA News（尼日尔）,True,tier_3,1,NATIONAL_NEWS,CONTEXT_ANALYSIS,1,0,0,0,0,0,0,1,0,0,RATE_LIMITED
un_reliefweb_chad,ReliefWeb（乍得）,True,tier_2,1,HUMANITARIAN,PRIMARY_EVIDENCE,1,0,0,0,0,0,0,0,1,20,EMPTY_FEED
un_unhcr_chad,UNHCR（乍得）,True,tier_3,1,HUMANITARIAN,PRIMARY_EVIDENCE,1,0,0,0,0,0,0,0,0,0,HEALTHY_LOW_VOLUME
un_iom_chad,IOM/DTM（乍得）,True,tier_3,1,HUMANITARIAN,PRIMARY_EVIDENCE,1,0,0,0,0,0,0,0,0,0,HEALTHY_LOW_VOLUME
un_wfp_chad,WFP（乍得）,True,tier_3,1,HUMANITARIAN,PRIMARY_EVIDENCE,1,0,0,0,0,0,0,0,0,0,HEALTHY_LOW_VOLUME
un_unicef_chad,UNICEF（乍得）,True,tier_3,1,HUMANITARIAN,PRIMARY_EVIDENCE,1,0,0,0,0,0,0,0,0,0,HEALTHY_LOW_VOLUME
un_icrc_chad,ICRC（乍得）,True,tier_3,1,HUMANITARIAN,PRIMARY_EVIDENCE,1,0,0,0,0,0,0,0,0,0,HEALTHY_LOW_VOLUME
un_msf_chad,MSF（乍得）,True,tier_3,1,HEALTH,CONTEXT_ANALYSIS,1,0,0,0,0,0,0,0,0,0,BROKEN_OR_STALE
un_fewsnet_chad,FEWS NET（乍得）,True,tier_3,1,HUMANITARIAN,PRIMARY_EVIDENCE,1,0,0,0,0,0,0,0,0,0,HEALTHY_LOW_VOLUME
un_unnews_chad,UN News（乍得）,True,tier_3,1,OFFICIAL,PRIMARY_EVIDENCE,1,0,0,0,0,0,0,0,0,0,HEALTHY_LOW_VOLUME
un_au_chad,African Union（乍得）,True,tier_3,1,OFFICIAL,PRIMARY_EVIDENCE,1,0,0,0,0,0,0,0,0,0,HEALTHY_LOW_VOLUME
un_crisisgroup_chad,International Crisis Group（乍得）,True,tier_3,1,RESEARCH_ANALYSIS,CONTEXT_ANALYSIS,1,0,0,0,0,0,0,0,0,0,BROKEN_OR_STALE
un_iss_chad,ISS Africa（乍得）,True,tier_3,1,RESEARCH_ANALYSIS,CONTEXT_ANALYSIS,1,0,0,0,0,0,0,0,0,0,BROKEN_OR_STALE
un_acled_chad,ACLED（乍得）,False,tier_3,1,OFFICIAL,PRIMARY_EVIDENCE,0,0,0,0,0,0,0,0,0,0,UNKNOWN
un_reliefweb_niger,ReliefWeb（尼日尔）,True,tier_2,1,HUMANITARIAN,PRIMARY_EVIDENCE,1,0,0,0,0,0,0,0,1,6,EMPTY_FEED
un_unhcr_niger,UNHCR（尼日尔）,True,tier_3,1,HUMANITARIAN,PRIMARY_EVIDENCE,1,0,0,0,0,0,0,1,0,0,RATE_LIMITED
un_iom_niger,IOM/DTM（尼日尔）,True,tier_3,1,HUMANITARIAN,PRIMARY_EVIDENCE,1,0,0,0,0,0,0,1,0,0,RATE_LIMITED
un_wfp_niger,WFP（尼日尔）,True,tier_3,1,HUMANITARIAN,PRIMARY_EVIDENCE,1,0,0,0,0,0,0,1,0,0,RATE_LIMITED
un_unicef_niger,UNICEF（尼日尔）,True,tier_3,1,HUMANITARIAN,PRIMARY_EVIDENCE,1,0,0,0,0,0,0,1,0,0,RATE_LIMITED
un_icrc_niger,ICRC（尼日尔）,True,tier_3,1,HUMANITARIAN,PRIMARY_EVIDENCE,1,0,0,0,0,0,0,1,0,0,RATE_LIMITED
un_msf_niger,MSF（尼日尔）,True,tier_3,1,HEALTH,CONTEXT_ANALYSIS,1,0,0,0,0,0,0,1,0,0,RATE_LIMITED
un_fewsnet_niger,FEWS NET（尼日尔）,True,tier_3,1,HUMANITARIAN,PRIMARY_EVIDENCE,1,0,0,0,0,0,0,1,0,0,RATE_LIMITED
un_unnews_niger,UN News（尼日尔）,True,tier_3,1,OFFICIAL,PRIMARY_EVIDENCE,1,0,0,0,0,0,0,1,0,0,RATE_LIMITED
un_au_niger,African Union（尼日尔）,True,tier_3,1,OFFICIAL,PRIMARY_EVIDENCE,1,0,0,0,0,0,0,1,0,0,RATE_LIMITED
un_crisisgroup_niger,International Crisis Group（尼日尔）,True,tier_3,1,RESEARCH_ANALYSIS,CONTEXT_ANALYSIS,1,0,0,0,0,0,0,1,0,0,RATE_LIMITED
un_iss_niger,ISS Africa（尼日尔）,True,tier_3,1,RESEARCH_ANALYSIS,CONTEXT_ANALYSIS,1,0,0,0,0,0,0,1,0,0,RATE_LIMITED
un_acled_niger,ACLED（尼日尔）,False,tier_3,1,OFFICIAL,PRIMARY_EVIDENCE,0,0,0,0,0,0,0,0,0,0,UNKNOWN
cn_mfa_chad,中国外交部（乍得）,True,tier_3,1,UNCLASSIFIED,CONTEXT_ANALYSIS,1,0,0,0,0,0,0,1,0,0,RATE_LIMITED
cn_emb_chad_chad,中国驻乍得使馆（乍得）,True,tier_3,1,UNCLASSIFIED,CONTEXT_ANALYSIS,1,0,0,0,0,0,0,1,0,0,RATE_LIMITED
cn_emb_niger_chad,中国驻尼日尔使馆（乍得）,True,tier_3,1,UNCLASSIFIED,CONTEXT_ANALYSIS,1,0,0,0,0,0,0,1,0,0,RATE_LIMITED
cn_chinanews_chad,中国新闻网（乍得）,True,tier_3,1,UNCLASSIFIED,CONTEXT_ANALYSIS,1,0,0,0,0,0,0,1,0,0,RATE_LIMITED
cn_cctv_chad,央视新闻（乍得）,True,tier_3,1,UNCLASSIFIED,CONTEXT_ANALYSIS,1,0,0,0,0,0,0,1,0,0,RATE_LIMITED
cn_cgtn_chad,CGTN Africa（乍得）,True,tier_3,1,UNCLASSIFIED,CONTEXT_ANALYSIS,1,0,0,0,0,0,0,1,0,0,RATE_LIMITED
cn_people_chad,人民网（乍得）,True,tier_3,1,UNCLASSIFIED,CONTEXT_ANALYSIS,1,0,0,0,0,0,0,1,0,0,RATE_LIMITED
cn_chinadaily_chad,中国日报（乍得）,True,tier_3,1,UNCLASSIFIED,CONTEXT_ANALYSIS,1,0,0,0,0,0,0,1,0,0,RATE_LIMITED
cn_mfa_niger,中国外交部（尼日尔）,True,tier_3,1,UNCLASSIFIED,CONTEXT_ANALYSIS,1,0,0,0,0,0,0,0,0,0,BROKEN_OR_STALE
cn_emb_chad_niger,中国驻乍得使馆（尼日尔）,True,tier_3,1,UNCLASSIFIED,CONTEXT_ANALYSIS,1,0,0,0,0,0,0,0,0,0,BROKEN_OR_STALE
cn_emb_niger_niger,中国驻尼日尔使馆（尼日尔）,True,tier_3,1,UNCLASSIFIED,CONTEXT_ANALYSIS,1,0,0,0,0,0,0,0,0,0,BROKEN_OR_STALE
cn_chinanews_niger,中国新闻网（尼日尔）,True,tier_3,1,UNCLASSIFIED,CONTEXT_ANALYSIS,1,0,0,0,0,0,0,0,0,0,BROKEN_OR_STALE
cn_cctv_niger,央视新闻（尼日尔）,True,tier_3,1,UNCLASSIFIED,CONTEXT_ANALYSIS,1,0,0,0,0,0,0,0,0,0,BROKEN_OR_STALE
cn_cgtn_niger,CGTN Africa（尼日尔）,True,tier_3,1,UNCLASSIFIED,CONTEXT_ANALYSIS,1,0,0,0,0,0,0,0,0,0,BROKEN_OR_STALE
cn_people_niger,人民网（尼日尔）,True,tier_3,1,UNCLASSIFIED,CONTEXT_ANALYSIS,1,0,0,0,0,0,0,0,0,0,BROKEN_OR_STALE
cn_chinadaily_niger,中国日报（尼日尔）,True,tier_3,1,UNCLASSIFIED,CONTEXT_ANALYSIS,1,0,0,0,0,0,0,0,0,0,BROKEN_OR_STALE
chad_lepaystchad,Le Pays Tchad,True,tier_2,1,LOCAL_EARLY_WARNING,EARLY_SIGNAL,1,10,10,0,2,2,0,0,0,6,NO_RECENT_OUTPUT
niger_sahelien,Sahelien,True,tier_2,1,UNCLASSIFIED,CONTEXT_ANALYSIS,1,10,10,0,0,0,0,0,0,0,NO_RECENT_OUTPUT
intl_rfi_afrique_chad,RFI Afrique (Chad),True,tier_1,1,GLOBAL_TIER_1,CORROBORATION,1,20,18,0,0,2,0,0,0,3,HIGH_VALUE_LOW_FREQUENCY
intl_rfi_afrique_niger,RFI Afrique (Niger),True,tier_1,1,GLOBAL_TIER_1,CORROBORATION,1,20,18,0,0,2,0,0,0,0,HIGH_VALUE_LOW_FREQUENCY
intl_bbc_afrique_chad,BBC Afrique (Chad),True,tier_1,1,GLOBAL_TIER_1,CORROBORATION,1,20,7,0,3,13,0,0,0,0,DUPLICATE_HEAVY
intl_bbc_afrique_niger,BBC Afrique (Niger),True,tier_1,1,GLOBAL_TIER_1,CORROBORATION,1,20,6,0,0,14,0,0,0,0,DUPLICATE_HEAVY
intl_france24_afrique_chad,France24 Afrique (Chad),True,tier_1,1,GLOBAL_TIER_1,CORROBORATION,1,20,6,0,3,14,0,0,0,0,DUPLICATE_HEAVY
intl_france24_afrique_niger,France24 Afrique (Niger),True,tier_1,1,GLOBAL_TIER_1,CORROBORATION,1,20,5,0,0,15,0,0,0,0,DUPLICATE_HEAVY
niger_ouestaf,Ouestaf,True,tier_2,1,UNCLASSIFIED,CONTEXT_ANALYSIS,1,10,10,0,0,0,0,0,0,0,NO_RECENT_OUTPUT
niger_africanews,AfricaNews (Niger),True,tier_1,1,GLOBAL_TIER_1,CORROBORATION,1,20,13,0,2,7,0,0,0,2,HIGH_VALUE_LOW_FREQUENCY
pan_allafrica,AllAfrica,True,tier_2,54,PAN_AFRICA,CORROBORATION,54,780,10,0,9,770,15,0,0,0,DUPLICATE_HEAVY
pan_unnews_africa,UN News (Africa),True,tier_1,54,GLOBAL_TIER_1|PAN_AFRICA,CORROBORATION,54,780,0,0,0,780,15,0,0,0,DUPLICATE_HEAVY
pan_africanews,Africanews,True,tier_2,54,PAN_AFRICA,CORROBORATION,54,780,509,3,4,276,15,0,0,5,HEALTHY_PRODUCTIVE
nga_premiumtimes,Premium Times,True,tier_2,32,LOCAL_EARLY_WARNING,EARLY_SIGNAL,32,315,15,0,15,300,11,0,0,0,DUPLICATE_HEAVY
pan_france24_africa,France 24 (Africa),True,tier_1,54,GLOBAL_TIER_1|PAN_AFRICA,CORROBORATION,54,780,49,1,1,733,15,0,0,0,DUPLICATE_HEAVY
gha_myjoyonline,MyJoyOnline,True,tier_2,32,LOCAL_EARLY_WARNING,EARLY_SIGNAL,32,423,347,4,21,76,11,0,0,72,HEALTHY_PRODUCTIVE
rwa_newtimes,The New Times,True,tier_2,32,LOCAL_EARLY_WARNING,EARLY_SIGNAL,32,357,231,0,0,126,11,0,0,0,NO_RECENT_OUTPUT
pan_reliefweb,ReliefWeb,True,tier_2,54,PAN_AFRICA,CORROBORATION,54,0,0,0,0,0,15,0,39,0,WALL_CLOCK_STARVED
pan_bbc_africa,BBC News (Africa),True,tier_1,54,GLOBAL_TIER_1|PAN_AFRICA,CORROBORATION,54,780,780,1,1,7,15,0,0,0,HEALTHY_PRODUCTIVE
pan_aljazeera,Al Jazeera,True,tier_1,54,GLOBAL_TIER_1|PAN_AFRICA,CORROBORATION,54,760,12,0,12,748,16,0,0,0,DUPLICATE_HEAVY
drc_radiookapi,Radio Okapi,True,tier_2,1,LOCAL_EARLY_WARNING,EARLY_SIGNAL,1,20,2,0,0,19,0,0,0,12,DUPLICATE_HEAVY
ssd_radiotamazuj,Radio Tamazuj,True,tier_2,1,LOCAL_EARLY_WARNING,EARLY_SIGNAL,1,15,4,1,1,12,0,0,0,21,DUPLICATE_HEAVY
pan_voa_africa,VOA Africa,True,tier_1,54,GLOBAL_TIER_1|PAN_AFRICA,CORROBORATION,54,0,0,0,0,0,16,0,38,0,WALL_CLOCK_STARVED
pan_voa_afrique,VOA Afrique,True,tier_1,54,GLOBAL_TIER_1|PAN_AFRICA,CORROBORATION,54,0,0,0,0,0,16,0,38,0,WALL_CLOCK_STARVED
pan_rfi_afrique,RFI Afrique,True,tier_1,54,GLOBAL_TIER_1|PAN_AFRICA,CORROBORATION,54,760,684,3,2,80,16,0,0,6,HEALTHY_PRODUCTIVE
pan_dw_africa,DW Africa,True,tier_1,54,GLOBAL_TIER_1|PAN_AFRICA,CORROBORATION,54,190,3,0,0,187,16,0,0,0,DUPLICATE_HEAVY
specialist_acss,Africa Center for Strategic Studies,True,tier_1,9,GLOBAL_TIER_1,CORROBORATION,9,0,0,0,0,0,3,0,6,0,WALL_CLOCK_STARVED
